symbol,name,sector,bse_security_code,bse_industry
ASIANPAINT.BO,Asian Paints Limited,Basic Materials,500820,Consumer Durables
ULTRACEMCO.BO,UltraTech Cement Limited,Basic Materials,532538,Construction Materials
JSWSTEEL.BO,JSW Steel Limited,Basic Materials,500228,Metals & Mining
TATASTEEL.BO,Tata Steel Limited,Basic Materials,500470,Metals & Mining
HINDZINC.BO,Hindustan Zinc Limited,Basic Materials,500188,Metals & Mining
PIDILITIND.BO,Pidilite Industries Limited,Basic Materials,500331,Chemicals
GRASIM.BO,Grasim Industries Limited,Basic Materials,500300,Construction Materials
HINDALCO.BO,Hindalco Industries Limited,Basic Materials,500440,Metals & Mining
AMBUJACEM.BO,Ambuja Cements Limited,Basic Materials,500425,Construction Materials
VEDL.BO,Vedanta Limited,Basic Materials,500295,Metals & Mining
SHREECEM.BO,Shree Cement Limited,Basic Materials,500387,Construction Materials
JINDALSTEL.BO,Jindal Steel & Power Limited,Basic Materials,532286,Metals & Mining
BERGEPAINT.BO,Berger Paints India Limited,Basic Materials,509480,Consumer Durables
SRF.BO,SRF Limited,Basic Materials,503806,Chemicals
PIIND.BO,PI Industries Limited,Basic Materials,523642,Chemicals
UPL.BO,UPL Limited,Basic Materials,512070,Chemicals
APLAPOLLO.BO,APL Apollo Tubes Limited,Basic Materials,533758,Capital Goods
LINDEINDIA.BO,Linde India Limited,Basic Materials,523457,Chemicals
SAIL.BO,Steel Authority of India Limited,Basic Materials,500113,Metals & Mining
DALBHARAT.BO,Dalmia Bharat Limited,Basic Materials,542216,Construction Materials
SOLARINDS.BO,Solar Industries India Limited,Basic Materials,532725,Chemicals
ACC.BO,ACC Limited,Basic Materials,500410,Construction Materials
JSL.BO,Jindal Stainless Limited,Basic Materials,532508,Metals & Mining
NMDC.BO,NMDC Limited,Basic Materials,526371,Metals & Mining
FLUOROCHEM.BO,Gujarat Fluorochemicals Limited,Basic Materials,542812,Chemicals
COROMANDEL.BO,Coromandel International Limited,Basic Materials,506395,Chemicals
KANSAINER.BO,Kansai Nerolac Paints Limited,Basic Materials,500165,Consumer Durables
TATACHEM.BO,Tata Chemicals Limited,Basic Materials,500770,Chemicals
JKCEMENT.BO,J.K. Cement Limited,Basic Materials,532644,Construction Materials
NAVINFLUOR.BO,Navin Fluorine International Limited,Basic Materials,532504,Chemicals
BAYERCROP.BO,Bayer CropScience Limited,Basic Materials,506285,Chemicals
SUMICHEM.BO,Sumitomo Chemical India Limited,Basic Materials,542920,Chemicals
RAMCOCEM.BO,The Ramco Cements Limited,Basic Materials,500260,Construction Materials
ATUL.BO,Atul Ltd,Basic Materials,500027,Chemicals
VINATIORGA.BO,Vinati Organics Limited,Basic Materials,524200,Chemicals
RATNAMANI.BO,Ratnamani Metals & Tubes Limited,Basic Materials,520111,Capital Goods
NATIONALUM.BO,National Aluminium Company Limited,Basic Materials,532234,Metals & Mining
AARTIIND.BO,Aarti Industries Limited,Basic Materials,524208,Chemicals
HINDCOPPER.BO,Hindustan Copper Limited,Basic Materials,513599,Metals & Mining
CLEAN.BO,Clean Science and Technology Limited,Basic Materials,543318,Chemicals
LLOYDSME.BO,Lloyds Metals and Energy Limited,Basic Materials,512455,Metals & Mining
AETHER.BO,Aether Industries Limited,Basic Materials,543534,Chemicals
FINEORG.BO,Fine Organic Industries Limited,Basic Materials,541557,Chemicals
CENTURYPLY.BO,Century Plyboards (India) Limited,Basic Materials,532548,Consumer Durables
DCMSHRIRAM.BO,DCM Shriram Limited,Basic Materials,523367,Diversified
KIOCL.BO,KIOCL Limited,Basic Materials,540680,Metals & Mining
AKZOINDIA.BO,Akzo Nobel India Limited,Basic Materials,500710,Consumer Durables
NUVOCO.BO,Nuvoco Vistas Corporation Limited,Basic Materials,543334,Construction Materials
ALKYLAMINE.BO,Alkyl Amines Chemicals Limited,Basic Materials,506767,Chemicals
SHYAMMETL.BO,Shyam Metalics and Energy Limited,Basic Materials,543299,Metals & Mining
CENTURYTEX.BO,Century Textiles and Industries Limited,Basic Materials,500040,Forest Materials
CHAMBLFERT.BO,Chambal Fertilisers and Chemicals Limited,Basic Materials,500085,Chemicals
BASF.BO,BASF India Limited,Basic Materials,500042,Chemicals
ANURAS.BO,Anupam Rasayan India Ltd,Basic Materials,543275,Chemicals
DEEPAKNI.BO,Deepak Nitrite Limited,Basic Materials,506401,Chemicals
GALAXYSURF.BO,Galaxy Surfactants Limited,Basic Materials,540935,Chemicals
BIRLACORPN.BO,Birla Corporation Limited,Basic Materials,500335,Construction Materials
WELCORP.BO,Welspun Corp Limited,Basic Materials,532144,Capital Goods
GNFC.BO,Gujarat Narmada Valley Fertilizers & Chemicals Limited,Basic Materials,500670,Chemicals
SPLPETRO.BO,Supreme Petrochem Limited,Basic Materials,500405,Chemicals
INDIACEM.BO,The India Cements Limited,Basic Materials,530005,Construction Materials
PRINCEPIPE.BO,Prince Pipes and Fittings Limited,Basic Materials,542907,Capital Goods
JKLAKSHMI.BO,JK Lakshmi Cement Limited,Basic Materials,500380,Construction Materials
INDIGOPNTS.BO,Indigo Paints Limited,Basic Materials,543258,Consumer Durables
BALAMINES.BO,Balaji Amines Limited,Basic Materials,530999,Chemicals
LXCHEM.BO,Laxmi Organic Industries Limited,Basic Materials,543277,Chemicals
CHEMPLASTS.BO,Chemplast Sanmar Limited,Basic Materials,543336,Chemicals
DEEPAKFERT.BO,Deepak Fertilisers And Petrochemicals Corporation Limited,Basic Materials,500645,Chemicals
MIDHANI.BO,Mishra Dhatu Nigam Limited,Basic Materials,541195,Capital Goods
PRSMJOHNSN.BO,Prism Johnson Limited,Basic Materials,500338,Construction Materials
STARCEMENT.BO,Star Cement Limited,Basic Materials,540575,Construction Materials
ACI.BO,Archean Chemical Industries Limited,Basic Materials,543657,Chemicals
RCF.BO,Rashtriya Chemicals and Fertilizers Limited,Basic Materials,524230,Chemicals
GSFC.BO,Gujarat State Fertilizers & Chemicals Limited,Basic Materials,500690,Chemicals
PCBL.BO,PCBL Limited,Basic Materials,506590,Chemicals
JKPAPER.BO,JK Paper Limited,Basic Materials,532162,Forest Materials
RAIN.BO,Rain Industries Limited,Basic Materials,500339,Chemicals
GUJALKALI.BO,Gujarat Alkalies and Chemicals Limited,Basic Materials,530001,Chemicals
ROSSARI.BO,Rossari Biotech Limited,Basic Materials,543213,Chemicals
RALLIS.BO,Rallis India Limited,Basic Materials,500355,Chemicals
HEIDELBERG.BO,HeidelbergCement India Limited,Basic Materials,500292,Construction Materials
PRIVISCL.BO,Privi Speciality Chemicals Limited,Basic Materials,530117,Chemicals
NOCIL.BO,NOCIL Limited,Basic Materials,500730,Chemicals
POLYPLEX.BO,Polyplex Corporation Limited,Basic Materials,524051,Capital Goods
MARUTI.BO,Maruti Suzuki India Limited,Consumer Cyclical,532500,Automobile and Auto Components
TITAN.BO,Titan Company Limited,Consumer Cyclical,500114,Consumer Durables
TATAMTRDVR.BO,Tata Motors Limited,Consumer Cyclical,570001,Automobile and Auto Components
TATAMOTORS.BO,Tata Motors Limited,Consumer Cyclical,500570,Automobile and Auto Components
M&M.BO,Mahindra & Mahindra Limited,Consumer Cyclical,500520,Automobile and Auto Components
BAJAJ-AUTO.BO,Bajaj Auto Limited,Consumer Cyclical,532977,Automobile and Auto Components
EICHERMOT.BO,Eicher Motors Limited,Consumer Cyclical,505200,Automobile and Auto Components
ZOMATO.BO,Zomato Limited,Consumer Cyclical,543320,Consumer Services
TRENT.BO,Trent Limited,Consumer Cyclical,500251,Consumer Services
MOTHERSON.BO,Samvardhana Motherson International Limited,Consumer Cyclical,517334,Automobile and Auto Components
TVSMOTOR.BO,TVS Motor Company Limited,Consumer Cyclical,532343,Automobile and Auto Components
HEROMOTOCO.BO,Hero MotoCorp Limited,Consumer Cyclical,500182,Automobile and Auto Components
TIINDIA.BO,Tube Investments of India Limited,Consumer Cyclical,540762,Automobile and Auto Components
INDHOTEL.BO,The Indian Hotels Company Limited,Consumer Cyclical,500850,Consumer Services
BOSCHLTD.BO,Bosch Limited,Consumer Cyclical,500530,Automobile and Auto Components
SCHAEFFLER.BO,Schaeffler India Limited,Consumer Cyclical,505790,Automobile and Auto Components
PAGEIND.BO,Page Industries Limited,Consumer Cyclical,532827,Textiles
BALKRISIND.BO,Balkrishna Industries Limited,Consumer Cyclical,502355,Automobile and Auto Components
BHARATFORG.BO,Bharat Forge Limited,Consumer Cyclical,500493,Capital Goods
MRF.BO,MRF Limited,Consumer Cyclical,500290,Automobile and Auto Components
NYKAA.BO,FSN E-Commerce Ventures Limited,Consumer Cyclical,543384,Consumer Services
UNOMINDA.BO,Uno Minda Limited,Consumer Cyclical,532539,Automobile and Auto Components
JUBLFOOD.BO,Jubilant FoodWorks Limited,Consumer Cyclical,533155,Consumer Services
SONACOMS.BO,Sona BLW Precision Forgings Limited,Consumer Cyclical,543300,Automobile and Auto Components
MANYAVAR.BO,Vedant Fashions Limited,Consumer Cyclical,543463,Consumer Services
METROBRAND.BO,Metro Brands Limited,Consumer Cyclical,543426,Consumer Durables
MSUMI.BO,Motherson Sumi Wiring India Limited,Consumer Cyclical,543498,Automobile and Auto Components
SUNDRMFAST.BO,Sundram Fasteners Limited,Consumer Cyclical,500403,Automobile and Auto Components
ZFCVINDIA.BO,ZF Commercial Vehicle Control Systems India Limited,Consumer Cyclical,533023,Automobile and Auto Components
APOLLOTYRE.BO,Apollo Tyres Limited,Consumer Cyclical,500877,Automobile and Auto Components
DEVYANI.BO,Devyani International Limited,Consumer Cyclical,543330,Consumer Services
RELAXO.BO,Relaxo Footwears Limited,Consumer Cyclical,530517,Consumer Durables
ENDURANCE.BO,Endurance Technologies Limited,Consumer Cyclical,540153,Automobile and Auto Components
EXIDEIND.BO,Exide Industries Limited,Consumer Cyclical,500086,Automobile and Auto Components
KPRMILL.BO,K.P.R. Mill Limited,Consumer Cyclical,532889,Textiles
BATAINDIA.BO,Bata India Limited,Consumer Cyclical,500043,Consumer Durables
KALYANKJIL.BO,Kalyan Jewellers India Limited,Consumer Cyclical,543278,Consumer Durables
ABFRL.BO,Aditya Birla Fashion and Retail Limited,Consumer Cyclical,535755,Consumer Services
WHIRLPOOL.BO,Whirlpool of India Limited,Consumer Cyclical,500238,Consumer Durables
CROMPTON.BO,Crompton Greaves Consumer Electricals Limited,Consumer Cyclical,539876,Consumer Durables
CIEINDIA.BO,CIE Automotive India Limited,Consumer Cyclical,532756,Automobile and Auto Components
TRIDENT.BO,Trident Limited,Consumer Cyclical,521064,Textiles
RAJESHEXPO.BO,Rajesh Exports Limited,Consumer Cyclical,531500,Consumer Durables
JBMA.BO,JBM Auto Limited,Consumer Cyclical,532605,Automobile and Auto Components
WESTLIFE.BO,Westlife Foodworld Limited,Consumer Cyclical,505533,Consumer Services
BAJAJELEC.BO,Bajaj Electricals Limited,Consumer Cyclical,500031,Consumer Durables
EIHOTEL.BO,EIH Limited,Consumer Cyclical,500840,Consumer Services
RAYMOND.BO,Raymond Limited,Consumer Cyclical,500330,Textiles
ASAHIINDIA.BO,Asahi India Glass Limited,Consumer Cyclical,515030,Automobile and Auto Components
ALOKTEXT.BO,Alok Industries Limited,Consumer Cyclical,521070,Textiles
WELSPUNIND.BO,Welspun India Limited,Consumer Cyclical,514162,Textiles
SFL.BO,Sheela Foam Limited,Consumer Cyclical,540203,Consumer Durables
TTKPRESTIG.BO,TTK Prestige Limited,Consumer Cyclical,517506,Consumer Durables
CHALET.BO,Chalet Hotels Limited,Consumer Cyclical,542399,Consumer Services
VTL.BO,Vardhman Textiles Limited,Consumer Cyclical,502986,Textiles
VIPIND.BO,V.I.P. Industries Limited,Consumer Cyclical,507880,Consumer Durables
CEATLTD.BO,CEAT Limited,Consumer Cyclical,500878,Automobile and Auto Components
SHOPERSTOP.BO,Shoppers Stop Limited,Consumer Cyclical,532638,Consumer Services
CAMPUS.BO,Campus Activewear Limited,Consumer Cyclical,543523,Consumer Durables
SAPPHIRE.BO,Sapphire Foods India Limited,Consumer Cyclical,543397,Consumer Services
AMBER.BO,Amber Enterprises India Limited,Consumer Cyclical,540902,Consumer Durables
JINDWORLD.BO,Jindal Worldwide Limited,Consumer Cyclical,531543,Textiles
LEMONTREE.BO,Lemon Tree Hotels Limited,Consumer Cyclical,541233,Consumer Services
SWANENERGY.BO,Swan Energy Limited,Consumer Cyclical,503310,Realty
MINDACORP.BO,Minda Corporation Limited,Consumer Cyclical,538962,Automobile and Auto Components
EASEMYTRIP.BO,Easy Trip Planners Limited,Consumer Cyclical,543272,Consumer Services
MHRIL.BO,Mahindra Holidays & Resorts India Limited,Consumer Cyclical,533088,Consumer Services
MAHSCOOTER.BO,Maharashtra Scooters Ltd.,Consumer Cyclical,500266,Financial Services
GARFIBRES.BO,Garware Technical Fibres Limited,Consumer Cyclical,509557,Textiles
VAIBHAVGBL.BO,Vaibhav Global Limited,Consumer Cyclical,532156,Consumer Durables
EPL.BO,EPL Limited,Consumer Cyclical,500135,Capital Goods
SYMPHONY.BO,Symphony Limited,Consumer Cyclical,517385,Consumer Durables
BORORENEW.BO,Borosil Renewables Limited,Consumer Cyclical,502219,Capital Goods
VARROC.BO,Varroc Engineering Limited,Consumer Cyclical,541578,Automobile and Auto Components
RBA.BO,Restaurant Brands Asia Limited,Consumer Cyclical,543248,Consumer Services
ORIENTELEC.BO,Orient Electric Limited,Consumer Cyclical,541301,Consumer Durables
LAOPALA.BO,La Opala RG Limited,Consumer Cyclical,526947,Consumer Durables
DELTACORP.BO,Delta Corp Limited,Consumer Cyclical,532848,Consumer Services
VMART.BO,V-Mart Retail Limited,Consumer Cyclical,534976,Consumer Services
JAMNAAUTO.BO,Jamna Auto Industries Limited,Consumer Cyclical,520051,Automobile and Auto Components
IFBIND.BO,IFB Industries Limited,Consumer Cyclical,505726,Consumer Durables
UFLEX.BO,Uflex Limited,Consumer Cyclical,500148,Capital Goods
HDFCBANK.BO,HDFC Bank Limited,Financial Services,500180,Financial Services
ICICIBANK.BO,ICICI Bank Limited,Financial Services,532174,Financial Services
SBIN.BO,State Bank of India,Financial Services,500112,Financial Services
BAJFINANCE.BO,Bajaj Finance Limited,Financial Services,500034,Financial Services
LICI.BO,Life Insurance Corporation of India,Financial Services,543526,Financial Services
KOTAKBANK.BO,Kotak Mahindra Bank Limited,Financial Services,500247,Financial Services
AXISBANK.BO,Axis Bank Limited,Financial Services,532215,Financial Services
BAJAJFINSV.BO,Bajaj Finserv Ltd.,Financial Services,532978,Financial Services
HDFCLIFE.BO,HDFC Life Insurance Company Limited,Financial Services,540777,Financial Services
SBILIFE.BO,SBI Life Insurance Company Limited,Financial Services,540719,Financial Services
INDUSINDBK.BO,IndusInd Bank Limited,Financial Services,532187,Financial Services
BANKBARODA.BO,Bank of Baroda Limited,Financial Services,532134,Financial Services
CHOLAFIN.BO,Cholamandalam Investment and Finance Company Limited,Financial Services,511243,Financial Services
SBICARD.BO,SBI Cards and Payment Services Limited,Financial Services,543066,Financial Services
BAJAJHLDNG.BO,Bajaj Holdings & Investment Limited,Financial Services,500490,Financial Services
ICICIPRULI.BO,ICICI Prudential Life Insurance Company Limited,Financial Services,540133,Financial Services
PFC.BO,Power Finance Corporation Limited,Financial Services,532810,Financial Services
IDBI.BO,IDBI Bank Limited,Financial Services,500116,Financial Services
PNB.BO,Punjab National Bank,Financial Services,532461,Financial Services
SHRIRAMFIN.BO,Shriram Finance Limited,Financial Services,511218,Financial Services
ICICIGI.BO,ICICI Lombard General Insurance Company Limited,Financial Services,540716,Financial Services
IRFC.BO,Indian Railway Finance Corporation Limited,Financial Services,543257,Financial Services
UNIONBANK.BO,Union Bank of India,Financial Services,532477,Financial Services
CANBK.BO,Canara Bank,Financial Services,532483,Financial Services
RECLTD.BO,REC Limited,Financial Services,532955,Financial Services
IDFCFIRSTB.BO,IDFC First Bank Limited,Financial Services,539437,Financial Services
IOB.BO,Indian Overseas Bank,Financial Services,532388,Financial Services
HDFCAMC.BO,HDFC Asset Management Company Limited,Financial Services,541729,Financial Services
MUTHOOTFIN.BO,Muthoot Finance Limited,Financial Services,533398,Financial Services
YESBANK.BO,Yes Bank Limited,Financial Services,532648,Financial Services
INDIANB.BO,Indian Bank,Financial Services,532814,Financial Services
ABCAPITAL.BO,Aditya Birla Capital Limited,Financial Services,540691,Financial Services
AUBANK.BO,AU Small Finance Bank Limited,Financial Services,540611,Financial Services
STARHEALTH.BO,Star Health and Allied Insurance Company Limited,Financial Services,543412,Financial Services
BANDHANBNK.BO,Bandhan Bank Limited,Financial Services,541153,Financial Services
BANKINDIA.BO,Bank of India Limited,Financial Services,532149,Financial Services
GICRE.BO,General Insurance Corporation of India,Financial Services,540755,Financial Services
M&MFIN.BO,Mahindra & Mahindra Financial Services Limited,Financial Services,532720,Financial Services
UCOBANK.BO,UCO Bank,Financial Services,532505,Financial Services
POONAWALLA.BO,Poonawalla Fincorp Limited,Financial Services,524000,Financial Services
POLICYBZR.BO,PB Fintech Limited,Financial Services,543390,Financial Services
L&TFH.BO,L&T Finance Holdings Limited,Financial Services,533519,Financial Services
MFSL.BO,Max Financial Services Limited,Financial Services,500271,Financial Services
FEDERALBNK.BO,The Federal Bank Limited,Financial Services,500469,Financial Services
CRISIL.BO,CRISIL Limited,Financial Services,500092,Financial Services
CENTRALBK.BO,Central Bank of India,Financial Services,532885,Financial Services
MAHABANK.BO,Bank of Maharashtra,Financial Services,532525,Financial Services
PEL.BO,Piramal Enterprises Limited,Financial Services,500302,Financial Services
FIVESTAR.BO,Five-Star Business Finance Limited,Financial Services,543663,Financial Services
LICHSGFIN.BO,LIC Housing Finance Limited,Financial Services,500253,Financial Services
PSB.BO,Punjab & Sind Bank,Financial Services,533295,Financial Services
CREDITACC.BO,CreditAccess Grameen Limited,Financial Services,541770,Financial Services
IIFL.BO,IIFL Finance Limited,Financial Services,532636,Financial Services
NIACL.BO,The New India Assurance Company Limited,Financial Services,540769,Financial Services
NAM-INDIA.BO,Nippon Life India Asset Management Limited,Financial Services,540767,Financial Services
ISEC.BO,ICICI Securities Limited,Financial Services,541179,Financial Services
IDFC.BO,IDFC Limited,Financial Services,532659,Financial Services
360ONE.BO,360 One Wam Limited,Financial Services,542772,Financial Services
CHOLAHLDNG.BO,Cholamandalam Financial Holdings Limited,Financial Services,504973,Financial Services
PNBHOUSING.BO,PNB Housing Finance Limited,Financial Services,540173,Financial Services
ANGELONE.BO,Angel One Limited,Financial Services,543235,Financial Services
CGCL.BO,Capri Global Capital Limited,Financial Services,531595,Financial Services
MOTILALOFS.BO,Motilal Oswal Financial Services Limited,Financial Services,532892,Financial Services
HUDCO.BO,Housing and Urban Development Corporation Limited,Financial Services,540530,Financial Services
RBLBANK.BO,RBL Bank Limited,Financial Services,540065,Financial Services
APTUS.BO,Aptus Value Housing Finance India Limited,Financial Services,543335,Financial Services
TATAINVEST.BO,Tata Investment Corporation Limited,Financial Services,501301,Financial Services
MANAPPURAM.BO,Manappuram Finance Limited,Financial Services,531213,Financial Services
AAVAS.BO,Aavas Financiers Limited,Financial Services,541988,Financial Services
ABSLAMC.BO,Aditya Birla Sun Life AMC Ltd.,Financial Services,543374,Financial Services
IEX.BO,Indian Energy Exchange Limited,Financial Services,540750,Financial Services
EQUITASBNK.BO,Equitas Small Finance Bank Limited,Financial Services,543243,Financial Services
UTIAMC.BO,UTI Asset Management Company Limited,Financial Services,543238,Financial Services
CANFINHOME.BO,Can Fin Homes Limited,Financial Services,511196,Financial Services
CUB.BO,City Union Bank Limited,Financial Services,532210,Financial Services
MCX.BO,Multi Commodity Exchange of India Limited,Financial Services,534091,Financial Services
IBULHSGFIN.BO,Indiabulls Housing Finance Limited,Financial Services,535789,Financial Services
HOMEFIRST.BO,Home First Finance Company India Limited,Financial Services,543259,Financial Services
TMB.BO,Tamilnad Mercantile Bank Limited,Financial Services,543596,Financial Services
JMFINANCIL.BO,JM Financial Limited,Financial Services,523405,Financial Services
CSBBANK.BO,CSB Bank Limited,Financial Services,542867,Financial Services
MASFIN.BO,MAS Financial Services Limited,Financial Services,540749,Financial Services
DLF.BO,DLF Limited,Real Estate,532868,Realty
LODHA.BO,Macrotech Developers Limited,Real Estate,543287,Realty
GODREJPROP.BO,Godrej Properties Limited,Real Estate,533150,Realty
OBEROIRLTY.BO,Oberoi Realty Limited,Real Estate,533273,Realty
PHOENIXLTD.BO,The Phoenix Mills Limited,Real Estate,503100,Realty
PRESTIGE.BO,Prestige Estates Projects Limited,Real Estate,533274,Realty
BRIGADE.BO,Brigade Enterprises Limited,Real Estate,532929,Realty
MAHLIFE.BO,Mahindra Lifespace Developers Limited,Real Estate,532313,Realty
SUNTECK.BO,Sunteck Realty Limited,Real Estate,512179,Realty
SOBHA.BO,Sobha Limited,Real Estate,532784,Realty
IBREALEST.BO,Indiabulls Real Estate Limited,Real Estate,532832,Realty
HINDUNILVR.BO,Hindustan Unilever Limited,Consumer Defensive,500696,Fast Moving Consumer Goods
ITC.BO,ITC Limited,Consumer Defensive,500875,Fast Moving Consumer Goods
DMART.BO,Avenue Supermarts Limited,Consumer Defensive,540376,Consumer Services
NESTLEIND.BO,Nestlé India Limited,Consumer Defensive,500790,Fast Moving Consumer Goods
VBL.BO,Varun Beverages Limited,Consumer Defensive,540180,Fast Moving Consumer Goods
BRITANNIA.BO,Britannia Industries Limited,Consumer Defensive,500825,Fast Moving Consumer Goods
GODREJCP.BO,Godrej Consumer Products Limited,Consumer Defensive,532424,Fast Moving Consumer Goods
DABUR.BO,Dabur India Limited,Consumer Defensive,500096,Fast Moving Consumer Goods
TATACONSUM.BO,Tata Consumer Products Limited,Consumer Defensive,500800,Fast Moving Consumer Goods
MARICO.BO,Marico Limited,Consumer Defensive,531642,Fast Moving Consumer Goods
COLPAL.BO,Colgate-Palmolive (India) Limited,Consumer Defensive,500830,Fast Moving Consumer Goods
PGHH.BO,Procter & Gamble Hygiene and Health Care Limited,Consumer Defensive,500459,Fast Moving Consumer Goods
AWL.BO,Adani Wilmar Limited,Consumer Defensive,543458,Fast Moving Consumer Goods
PATANJALI.BO,Patanjali Foods Limited,Consumer Defensive,500368,Fast Moving Consumer Goods
UBL.BO,United Breweries Limited,Consumer Defensive,532478,Fast Moving Consumer Goods
UNITDSPR.BO,United Spirits Limited,Consumer Defensive,532432,Fast Moving Consumer Goods
HATSUN.BO,Hatsun Agro Product Limited,Consumer Defensive,531531,Fast Moving Consumer Goods
EMAMILTD.BO,Emami Limited,Consumer Defensive,531162,Fast Moving Consumer Goods
RADICO.BO,Radico Khaitan Limited,Consumer Defensive,532497,Fast Moving Consumer Goods
GILLETTE.BO,Gillette India Limited,Consumer Defensive,507815,Fast Moving Consumer Goods
BIKAJI.BO,Bikaji Foods International Limited,Consumer Defensive,543653,Fast Moving Consumer Goods
JYOTHYLAB.BO,Jyothy Labs Limited,Consumer Defensive,532926,Fast Moving Consumer Goods
GODFRYPHLP.BO,Godfrey Phillips India Limited,Consumer Defensive,500163,Fast Moving Consumer Goods
RENUKA.BO,Shree Renuka Sugars Limited,Consumer Defensive,532670,Fast Moving Consumer Goods
ZYDUSWELL.BO,Zydus Wellness Limited,Consumer Defensive,531335,Fast Moving Consumer Goods
KRBL.BO,KRBL Limited,Consumer Defensive,530813,Fast Moving Consumer Goods
GODREJAGRO.BO,Godrej Agrovet Limited,Consumer Defensive,540743,Fast Moving Consumer Goods
EIDPARRY.BO,E.I.D.- Parry (India) Limited,Consumer Defensive,500125,Chemicals
CCL.BO,CCL Products (India) Limited,Consumer Defensive,519600,Fast Moving Consumer Goods
BALRAMCHIN.BO,Balrampur Chini Mills Limited,Consumer Defensive,500038,Fast Moving Consumer Goods
BBTC.BO,"The Bombay Burmah Trading Corporation, Limited",Consumer Defensive,501425,Fast Moving Consumer Goods
AVANTI.BO,Avanti Feeds Limited,Consumer Defensive,512573,Fast Moving Consumer Goods
GAEL.BO,Gujarat Ambuja Exports Limited,Consumer Defensive,524226,Fast Moving Consumer Goods
VSTIND.BO,VST Industries Limited,Consumer Defensive,509966,Fast Moving Consumer Goods
TATACOFFEE.BO,Tata Coffee Limited,Consumer Defensive,532301,Fast Moving Consumer Goods
SUNPHARMA.BO,Sun Pharmaceutical Industries Limited,Healthcare,524715,Healthcare
CIPLA.BO,Cipla Limited,Healthcare,500087,Healthcare
DIVISLAB.BO,Divi's Laboratories Limited,Healthcare,532488,Healthcare
DRREDDY.BO,Dr. Reddy's Laboratories Limited,Healthcare,500124,Healthcare
APOLLOHOSP.BO,Apollo Hospitals Enterprise Limited,Healthcare,508869,Healthcare
TORNTPHARM.BO,Torrent Pharmaceuticals Limited,Healthcare,500420,Healthcare
ZYDUSLIFE.BO,Zydus Lifesciences Limited,Healthcare,532321,Healthcare
MAXHEALTH.BO,Max Healthcare Institute Limited,Healthcare,543220,Healthcare
ABBOTINDIA.BO,Abbott India Limited,Healthcare,500488,Healthcare
AUROPHARMA.BO,Aurobindo Pharma Limited,Healthcare,524804,Healthcare
LUPIN.BO,Lupin Limited,Healthcare,500257,Healthcare
ALKEM.BO,Alkem Laboratories Limited,Healthcare,539523,Healthcare
SYNGENE.BO,Syngene International Limited,Healthcare,539268,Healthcare
BIOCON.BO,Biocon Limited,Healthcare,532523,Healthcare
GLAND.BO,Gland Pharma Limited,Healthcare,543245,Healthcare
GLAXO.BO,GlaxoSmithKline Pharmaceuticals Limited,Healthcare,500660,Healthcare
FORTIS.BO,Fortis Healthcare Limited,Healthcare,532843,Healthcare
IPCALAB.BO,Ipca Laboratories Limited,Healthcare,524494,Healthcare
GLENMARK.BO,Glenmark Pharmaceuticals Limited,Healthcare,532296,Healthcare
AJANTPHARM.BO,Ajanta Pharma Limited,Healthcare,532331,Healthcare
LAURUSLABS.BO,Laurus Labs Limited,Healthcare,540222,Healthcare
JBCHEPHARM.BO,J. B. Chemicals & Pharmaceuticals Limited,Healthcare,506943,Healthcare
NH.BO,Narayana Hrudayalaya Limited,Healthcare,539551,Healthcare
LALPATHLAB.BO,Dr. Lal PathLabs Limited,Healthcare,539524,Healthcare
PFIZER.BO,Pfizer Limited,Healthcare,500680,Healthcare
MEDANTA.BO,Global Health Limited,Healthcare,543654,Healthcare
SANOFI.BO,Sanofi India Limited,Healthcare,500674,Healthcare
APLLTD.BO,Alembic Pharmaceuticals Limited,Healthcare,533573,Healthcare
ASTERDM.BO,Aster DM Healthcare Limited,Healthcare,540975,Healthcare
NATCOPHARM.BO,NATCO Pharma Limited,Healthcare,524816,Healthcare
KIMS.BO,Krishna Institute of Medical Sciences Limited,Healthcare,543308,Healthcare
POLYMED.BO,Poly Medicure Limited,Healthcare,531768,Healthcare
SUVENPHAR.BO,Suven Pharmaceuticals Limited,Healthcare,543064,Healthcare
PPLPHARMA.BO,Piramal Pharma Limited,Healthcare,543635,Healthcare
ERIS.BO,Eris Lifesciences Limited,Healthcare,540596,Healthcare
RAINBOW.BO,Rainbow Children's Medicare Limited,Healthcare,543524,Healthcare
MEDPLUS.BO,MedPlus Health Services Limited,Healthcare,543427,Consumer Services
ASTRAZEN.BO,AstraZeneca Pharma India Limited,Healthcare,506820,Healthcare
PGHL.BO,Procter & Gamble Health Limited,Healthcare,500126,Healthcare
SPARC.BO,Sun Pharma Advanced Research Company Limited,Healthcare,532872,Healthcare
GRANULES.BO,Granules India Limited,Healthcare,532482,Healthcare
JUBLPHARMA.BO,Jubilant Pharmova Limited,Healthcare,530019,Healthcare
METROPOLIS.BO,Metropolis Healthcare Limited,Healthcare,542650,Healthcare
JUBLINGREA.BO,Jubilant Ingrevia Limited,Healthcare,543271,Chemicals
FDC.BO,FDC Limited,Healthcare,531599,Healthcare
AARTIDRUGS.BO,Aarti Drugs Limited,Healthcare,524348,Healthcare
CAPPL.BO,Caplin Point Laboratories Limited,Healthcare,524742,Healthcare
HIKAL.BO,Hikal Limited,Healthcare,524735,Healthcare
NTPC.BO,NTPC Limited,Utilities,532555,Power
POWERGRID.BO,Power Grid Corporation of India Limited,Utilities,532898,Power
ADANIGREEN.BO,Adani Green Energy Limited,Utilities,541450,Power
ADANIPOWER.BO,Adani Power Limited,Utilities,533096,Power
GAIL.BO,GAIL (India) Limited,Utilities,532155,"Oil, Gas & Consumable Fuels"
TATAPOWER.BO,The Tata Power Company Limited,Utilities,500400,Power
ATGL.BO,Adani Total Gas Limited,Utilities,542066,"Oil, Gas & Consumable Fuels"
JSWENERGY.BO,JSW Energy Limited,Utilities,533148,Power
NHPC.BO,NHPC Limited,Utilities,533098,Power
IGL.BO,Indraprastha Gas Limited,Utilities,532514,"Oil, Gas & Consumable Fuels"
TORNTPOWER.BO,Torrent Power Limited,Utilities,532779,Power
GUJGAS.BO,Gujarat Gas Limited,Utilities,539336,"Oil, Gas & Consumable Fuels"
SJVN.BO,SJVN Limited,Utilities,533206,Power
NLCINDIA.BO,NLC India Limited,Utilities,513683,Power
GSPL.BO,Gujarat State Petronet Limited,Utilities,532702,"Oil, Gas & Consumable Fuels"
CESC.BO,CESC Limited,Utilities,500084,Power
MGL.BO,Mahanagar Gas Limited,Utilities,539957,"Oil, Gas & Consumable Fuels"
BHARTIARTL.BO,Bharti Airtel Limited,Communication Services,532454,Telecommunication
NAUKRI.BO,Info Edge (India) Limited,Communication Services,532777,Consumer Services
TATACOMM.BO,Tata Communications Limited,Communication Services,500483,Telecommunication
INDUSTOWER.BO,Indus Towers Limited,Communication Services,534816,Telecommunication
IDEA.BO,Vodafone Idea Limited,Communication Services,532822,Telecommunication
ZEEL.BO,Zee Entertainment Enterprises Limited,Communication Services,505537,"Media, Entertainment & Publication"
SUNTV.BO,Sun TV Network Limited,Communication Services,532733,"Media, Entertainment & Publication"
INDIAMART.BO,IndiaMART InterMESH Limited,Communication Services,542726,Consumer Services
PVRINOX.BO,PVR INOX Limited,Communication Services,532689,"Media, Entertainment & Publication"
TTML.BO,Tata Teleservices (Maharashtra) Limited,Communication Services,532371,Telecommunication
AFFLE.BO,Affle (India) Limited,Communication Services,542752,Information Technology
ROUTE.BO,Route Mobile Limited,Communication Services,543228,Telecommunication
TV18BRDCST.BO,TV18 Broadcast Limited,Communication Services,532800,"Media, Entertainment & Publication"
JUSTDIAL.BO,Just Dial Limited,Communication Services,535648,Consumer Services
NETWORK18.BO,Network18 Media & Investments Limited,Communication Services,532798,"Media, Entertainment & Publication"
RELIANCE.BO,Reliance Industries Limited,Energy,500325,"Oil, Gas & Consumable Fuels"
ADANIENT.BO,Adani Enterprises Limited,Energy,512599,Metals & Mining
ONGC.BO,Oil and Natural Gas Corporation Limited,Energy,500312,"Oil, Gas & Consumable Fuels"
COALINDIA.BO,Coal India Limited,Energy,533278,"Oil, Gas & Consumable Fuels"
IOC.BO,Indian Oil Corporation Limited,Energy,530965,"Oil, Gas & Consumable Fuels"
BPCL.BO,Bharat Petroleum Corporation Limited,Energy,500547,"Oil, Gas & Consumable Fuels"
HINDPETRO.BO,Hindustan Petroleum Corporation Limited,Energy,500104,"Oil, Gas & Consumable Fuels"
PETRONET.BO,Petronet LNG Limited,Energy,532522,"Oil, Gas & Consumable Fuels"
OIL.BO,Oil India Limited,Energy,533106,"Oil, Gas & Consumable Fuels"
MRPL.BO,Mangalore Refinery and Petrochemicals Limited,Energy,500109,"Oil, Gas & Consumable Fuels"
CASTROLIND.BO,Castrol India Limited,Energy,500870,"Oil, Gas & Consumable Fuels"
AEGISLOG.BO,Aegis Logistics Limited,Energy,500003,"Oil, Gas & Consumable Fuels"
LT.BO,Larsen & Toubro Limited,Industrials,500510,Construction
ADANIPORTS.BO,Adani Ports and Special Economic Zone Limited,Industrials,532921,Services
SIEMENS.BO,Siemens Limited,Industrials,500550,Capital Goods
HAL.BO,Hindustan Aeronautics Limited,Industrials,541154,Capital Goods
ABB.BO,ABB India Limited,Industrials,500002,Capital Goods
INDIGO.BO,InterGlobe Aviation Limited,Industrials,539448,Services
BEL.BO,Bharat Electronics Limited,Industrials,500049,Capital Goods
HAVELLS.BO,Havells India Limited,Industrials,517354,Consumer Durables
POLYCAB.BO,Polycab India Limited,Industrials,542652,Capital Goods
CGPOWER.BO,CG Power and Industrial Solutions Limited,Industrials,500093,Capital Goods
ASHOKLEY.BO,Ashok Leyland Limited,Industrials,500477,Capital Goods
ASTRAL.BO,Astral Limited,Industrials,532830,Capital Goods
IRCTC.BO,Indian Railway Catering & Tourism Corporation Limited,Industrials,542830,Consumer Services
SUPREMEIND.BO,The Supreme Industries Limited,Industrials,509930,Capital Goods
CUMMINSIND.BO,Cummins India Limited,Industrials,500480,Capital Goods
CONCOR.BO,Container Corporation of India Limited,Industrials,531344,Services
HONAUT.BO,Honeywell Automation India Limited,Industrials,517174,Capital Goods
BHEL.BO,Bharat Heavy Electricals Limited,Industrials,500103,Capital Goods
MAZDOCK.BO,Mazagon Dock Shipbuilders Limited,Industrials,543237,Capital Goods
AIAENG.BO,AIA Engineering Limited,Industrials,532683,Capital Goods
3MINDIA.BO,3M India Limited,Industrials,523395,Diversified
GMRINFRA.BO,GMR Airports Infrastructure Limited,Industrials,532754,Services
DELHIVERY.BO,Delhivery Limited,Industrials,543529,Services
THERMAX.BO,Thermax Limited,Industrials,500411,Capital Goods
ESCORTS.BO,Escorts Kubota Limited,Industrials,500495,Capital Goods
VOLTAS.BO,Voltas Limited,Industrials,500575,Consumer Durables
RVNL.BO,Rail Vikas Nigam Limited,Industrials,542649,Construction
TIMKEN.BO,Timken India Limited,Industrials,522113,Capital Goods
SUZLON.BO,Suzlon Energy Limited,Industrials,532667,Capital Goods
GRINDWELL.BO,Grindwell Norton Limited,Industrials,506076,Capital Goods
SKFINDIA.BO,SKF India Limited,Industrials,500472,Capital Goods
KAJARIACER.BO,Kajaria Ceramics Limited,Industrials,500233,Consumer Durables
KEI.BO,KEI Industries Limited,Industrials,517569,Capital Goods
BDL.BO,Bharat Dynamics Limited,Industrials,541143,Capital Goods
CARBORUNIV.BO,Carborundum Universal Limited,Industrials,513375,Capital Goods
FINCABLES.BO,Finolex Cables Limited,Industrials,500144,Capital Goods
CYIENT.BO,Cyient Limited,Industrials,532175,Information Technology
GODREJIND.BO,Godrej Industries Limited,Industrials,500164,Diversified
ELGIEQUIP.BO,Elgi Equipments Limited,Industrials,522074,Capital Goods
KEC.BO,KEC International Limited,Industrials,532714,Capital Goods
IRB.BO,IRB Infrastructure Developers Limited,Industrials,532947,Construction
APARINDS.BO,APAR Industries Limited,Industrials,532259,Capital Goods
BLUEDART.BO,Blue Dart Express Limited,Industrials,526612,Services
RHIM.BO,RHI Magnesita India Limited,Industrials,534076,Capital Goods
BLUESTARCO.BO,Blue Star Limited,Industrials,500067,Consumer Durables
LAXMIMACH.BO,Lakshmi Machine Works Limited,Industrials,500252,Capital Goods
VGUARD.BO,V-Guard Industries Limited,Industrials,532953,Consumer Durables
TRITURBINE.BO,Triveni Turbine Limited,Industrials,533655,Capital Goods
GRINFRA.BO,G R Infraprojects Limited,Industrials,543317,Construction
DATAPATTNS.BO,Data Patterns (India) Limited,Industrials,543428,Capital Goods
RITES.BO,RITES Limited,Industrials,541556,Construction
GESHIP.BO,The Great Eastern Shipping Company Limited,Industrials,500620,Services
CERA.BO,Cera Sanitaryware Limited,Industrials,532443,Consumer Durables
AMARAJABAT.BO,Amara Raja Batteries Limited,Industrials,500008,Automobile and Auto Components
KPIL.BO,Kalpataru Projects International Limited,Industrials,522287,Construction
NCC.BO,NCC Limited,Industrials,500294,Construction
IRCON.BO,Ircon International Limited,Industrials,541956,Construction
INGERRAND.BO,Ingersoll-Rand (India) Limited,Industrials,500210,Capital Goods
KSB.BO,KSB Limited,Industrials,500249,Capital Goods
NBCC.BO,NBCC (India) Limited,Industrials,534309,Construction
PRAJIND.BO,Praj Industries Limited,Industrials,522205,Capital Goods
ENGINERSIN.BO,Engineers India Limited,Industrials,532178,Construction
COCHINSHIP.BO,Cochin Shipyard Limited,Industrials,540678,Capital Goods
GRAPHITE.BO,Graphite India Limited,Industrials,509488,Capital Goods
LATENTVIEW.BO,Latent View Analytics Limited,Industrials,543398,Information Technology
ESABINDIA.BO,ESAB India Limited,Industrials,500133,Capital Goods
KNRCON.BO,KNR Constructions Limited,Industrials,532942,Construction
FINOLEXIND.BO,Finolex Industries Limited,Industrials,500940,Capital Goods
HEG.BO,HEG Limited,Industrials,509631,Capital Goods
SIS.BO,SIS Limited,Industrials,540673,Services
QUESS.BO,Quess Corp Limited,Industrials,539978,Services
MMTC.BO,MMTC Limited,Industrials,513377,Services
GPPL.BO,Gujarat Pipavav Port Limited,Industrials,533248,Services
GMM.BO,GMM Pfaudler Limited,Industrials,505255,Capital Goods
TCIEXP.BO,TCI Express Limited,Industrials,540212,Services
NESCO.BO,Nesco Limited,Industrials,505355,Services
PNCINFRA.BO,PNC Infratech Limited,Industrials,539150,Construction
HLEGLAS.BO,HLE Glascoat Limited,Industrials,522215,Capital Goods
TEAMLEASE.BO,TeamLease Services Limited,Industrials,539658,Services
TCS.BO,Tata Consultancy Services Limited,Technology,532540,Information Technology
INFY.BO,Infosys Limited,Technology,500209,Information Technology
HCLTECH.BO,HCL Technologies Limited,Technology,532281,Information Technology
WIPRO.BO,Wipro Limited,Technology,507685,Information Technology
LTIM.BO,LTIMindtree Limited,Technology,540005,Information Technology
TECHM.BO,Tech Mahindra Limited,Technology,532755,Information Technology
PAYTM.BO,One97 Communications Limited,Technology,543396,Financial Services
LTTS.BO,L&T Technology Services Limited,Technology,540115,Information Technology
TATAELXSI.BO,Tata Elxsi Limited,Technology,500408,Information Technology
MPHASIS.BO,Mphasis Limited,Technology,526299,Information Technology
PERSISTENT.BO,Persistent Systems Limited,Technology,533179,Information Technology
OFSS.BO,Oracle Financial Services Software Limited,Technology,532466,Information Technology
COFORGE.BO,Coforge Limited,Technology,532541,Information Technology
KPITTECH.BO,KPIT Technologies Limited,Technology,542651,Information Technology
DIXON.BO,Dixon Technologies (India) Limited,Technology,540699,Consumer Durables
POWERINDIA.BO,Hitachi Energy India Limited,Technology,543187,Capital Goods
TANLA.BO,Tanla Platforms Limited,Technology,532790,Information Technology
SONATSOFTW.BO,Sonata Software Limited,Technology,532221,Information Technology
TEJASNET.BO,Tejas Networks Limited,Technology,540595,Telecommunication
HAPPSTMNDS.BO,Happiest Minds Technologies Limited,Technology,543227,Information Technology
BSOFT.BO,Birlasoft Limited,Technology,532400,Information Technology
CAMS.BO,Computer Age Management Services Limited,Technology,543232,Financial Services
REDINGTON.BO,Redington Limited,Technology,532805,Services
ZENSARTECH.BO,Zensar Technologies Limited,Technology,504067,Information Technology
ITI.BO,ITI Limited,Technology,523610,Telecommunication
FSL.BO,Firstsource Solutions Limited,Technology,532809,Services
HFCL.BO,HFCL Limited,Technology,500183,Telecommunication
INTELLECT.BO,Intellect Design Arena Limited,Technology,538835,Information Technology
MAPMYINDIA.BO,C. E. Info Systems Limited,Technology,543425,Information Technology
ECLERX.BO,eClerx Services Limited,Technology,532927,Services
SWSOLAR.BO,Sterling and Wilson Renewable Energy Limited,Technology,542760,Construction
MASTEK.BO,Mastek Limited,Technology,523704,Information Technology
STLTECH.BO,Sterlite Technologies Limited,Technology,532374,Telecommunication
INFIBEAM.BO,Infibeam Avenues Limited,Technology,539807,Financial Services
ADANITRANS.BO,Adani Energy Solutions Limited,Utilities,539254,Power
